Company,Email
ChargePoint ,sales@chargepoint.com
Ionomr,sales@ionomr.com
GBatteries,hello@gbatteries.com
Nemaska Lithium,info@nemaskalithium.com
Portable Electric,info@portable-electric.com
EnergyPal,contact@energypal.com
Calogy Solutions,info@calogysolutions.com
KILOWATTPACK,info@kilowattpack.ca
Vision Lithium,yrougerie@visionlithium.com
FlexCap Energy,info@flexcap.ca
E-One Moli Energy,molicel@molienergy.com
Autonom,info@autonom.ca
Greenlight Innovation,support@greenlightinnovation.com
Canadian Energy,info@cdnrg.com
Estream,pm@estream-int.com
Machinery Analytics,hello@machineryanalytics.com
KPM-Accelerate,Accelerate@kpm.ca
Charger Industries,info@chargerind.com
Johnston Equipment,customercare@johnstonequipment.com
Global Li-Ion Grap,info@liongraphite.com
Webster Solar Energy,ask-us@webstersolar.ca
OTI Batteries,info@oti.technology
PartRunner,admin@partrunner.com
Green Water and Power,info@greenwaterandpower.com
LAND,hello@land.email
Sangha Systems,admin@sanghasystems.com
EnergyOne,Hello@energyone.Biz